"Beds","","","","","","","","","","","","","","","","","","","","","","","","","","","","","","","","","","","","","","","","","","","","","","","","","","","","","","","","","","","","","","","","","","","","","","","","","","","","","","","","","","","","","","","","","","","","","","","","","","","","","","","","","","","","","","","","","","","","","","","","","","","","","","","","","","","","","","","","","","","","","","","","","","","","","","","",""
NA,1984,1984,1984,1984,1985,1985,1985,1985,1986,1986,1986,1986,1987,1987,1987,1987,1988,1988,1988,1988,1989,1989,1989,1989,1990,1990,1990,1990,1991,1991,1991,1991,1992,1992,1992,1992,1993,1993,1993,1993,1994,1994,1994,1994,1995,1995,1995,1995,1996,1996,1996,1996,1997,1997,1997,1997,1998,1998,1998,1998,1999,1999,1999,1999,2000,2000,2000,2000,2001,2001,2001,2001,2002,2002,2002,2002,2003,2003,2003,2003,2004,2004,2004,2004,2005,2005,2005,2005,2006,2006,2006,2006,2007,2007,2007,2007,2008,2008,2008,2008,2009,2009,2009,2009,2010,2010,2010,2010,2011,2011,2011,2011,2012,2012,2012,2012,2013,2013,2013,2013,2014,2014,2014,2014,2015,2015,2015,2015,2016,2016,2016,2016,2017,2017,2017,2017,2018,2018,2018,2018,2019,2019,2019,2019,2020,2020,2020,2020,2021,2021,2021,2021
NA,1,2,3,4,1,2,3,4,1,2,3,4,1,2,3,4,1,2,3,4,1,2,3,4,1,2,3,4,1,2,3,4,1,2,3,4,1,2,3,4,1,2,3,4,1,2,3,4,1,2,3,4,1,2,3,4,1,2,3,4,1,2,3,4,1,2,3,4,1,2,3,4,1,2,3,4,1,2,3,4,1,2,3,4,1,2,3,4,1,2,3,4,1,2,3,4,1,2,3,4,1,2,3,4,1,2,3,4,1,2,3,4,1,2,3,4,1,2,3,4,1,2,3,4,1,2,3,4,1,2,3,4,1,2,3,4,1,2,3,4,1,2,3,4,1,2,3,4,1,2,3,4
1,0,543,0,0,-999,2997,1395,0,34026,2151,46363,37962,2548,57209,80520,-999,-999,0,0,-999,8154,605,3191,13787,-999,10818,24539,17082,-999,6441,1008,-999,594,804,5328,2399,0,0,0,0,0,0,31,0,793,-999,972,-999,-999,41,0,2736,34,0,0,0,0,0,0,0,0,0,0,385,61,0,0,0,0,0,3052,0,0,0,54,0,225,0,0,3285,1483,14662,33877,58139,40763,44689,27283,38133,0,0,0,36267,30463,25606,7364,179931,201158,22187,54991,47991,182323,55701,147797,40543,0,0,0,21,89,0,0,2377,2623,0,0,0,72,240,8630,15790,3090,1104,1057,10811,14278,9582,179338,612,222,0,0,0,0,0,0,0,0,0,0,74,0,0,0,0,0,3875,0,0,0,0,0,0
2,34398,29956,-999,-999,-999,1206,1350,491,13745,27221,204675,59355,3140,100655,180170,-999,-999,0,23307,-999,6453,2266,16751,13920,-999,99783,49511,-999,-999,4236,-999,-999,0,3933,162,50,168,285,0,4715,116,369366,191951,38390,15297,3009,0,-999,-999,18183,1174,20801,8665,0,0,852,0,0,7353,27,8676,-999,45225,94846,5951,1699,1929,40262,13574,50755,36512,74806,41076,79370,86125,47163,414,6657,7307,4314,0,1559,1591,26925,18389,10014,986,14630,39272,53012,759,45022,77922,133808,14472,188132,84086,179669,332495,397529,96164,197359,379246,104258,1293,0,16437,1734,0,35700,52498,109851,3715,48807,16641,10001,11952,50656,132678,50885,3743,53242,72189,50602,5521,173446,630908,986,63,237,22,626,0,0,1486,49,0,6334,22998,1645,9227,40151,95064,5930,11982,47759,55686,58549,9749,2472,224,3749
3,71064,64299,-999,-999,-999,59175,71417,158141,208137,131000,667024,297561,54635,445464,1252460,-999,-999,0,44027,-999,58086,13106,265599,1861482,-999,1782573,892162,-999,327978,258030,-999,-999,5949,527,17388,58931,43098,29859,1437,35853,4660,1659259,1080616,159252,316504,706514,0,-999,-999,197285,117550,274437,153045,50989,-999,17796,171,0,0,796,30848,-999,30877,748106,197092,2660,63431,765415,648256,1411776,666434,735040,1321431,1371138,1666226,1080315,140138,550349,732802,473733,42419,133624,99547,147382,185968,275566,229400,187246,113375,227680,13288,69740,68767,376326,158294,499409,543985,817795,1090385,1236152,813458,692613,1150812,596335,160550,418127,919996,80452,1397,113778,194429,674068,244476,133746,17079,234656,780173,988391,1775202,1120553,156462,757015,658988,129121,30531,118713,794353,1320,21,0,0,6671,48921,5988,275,77652,85436,470843,324202,37814,137144,439734,540510,23688,70389,272229,212551,185224,133679,119796,34456,122994
4,3663,44812,-999,-999,-999,73143,78025,427434,11367,6919,49660,263289,30552,164205,1130289,-999,0,0,12113,-999,296640,69901,288329,2230269,-999,516919,1285247,-999,-999,142616,146538,-999,945,3240,106497,106803,23449,159,-999,28981,1111,383881,415362,128692,141815,44199,173268,-999,-999,39832,35447,230141,68304,16372,2572,4512,749,0,0,528,13758,-999,98118,349593,78049,225,0,414527,451216,328709,354236,383703,717821,471730,1028675,922269,68021,190066,98116,460489,79204,172939,49291,203405,177352,81298,50498,51049,52517,4713,28,2205,4910,84511,47790,384225,758395,339048,377397,1099306,1113355,430546,335539,435205,486882,417339,1062217,395281,33548,17564,40115,370153,239859,3237,110,15629,275258,137995,567452,1113203,724987,388830,224887,106261,41507,113806,618191,1420,0,70,596,3131,13371,679,1104,36486,60556,122465,80470,128252,113315,274218,284447,42776,126327,50822,13285,98008,138682,15222,2808,164948
5,0,0,0,0,-999,0,0,0,1401,0,0,19221,2995,303,9256,-999,0,0,0,-999,20439,4176,215,24402,-999,27652,7602,26325,-999,4861,6144,-999,1287,0,0,0,0,43,0,0,0,360,0,0,360,0,0,-999,-999,0,0,0,0,0,0,0,0,0,0,0,0,-999,0,0,21,0,0,0,371,192,0,0,104,943,0,3562,2513,866,0,507,14,0,0,0,0,0,0,0,0,0,0,0,0,0,0,3523,4535,237,0,533,6894,6673,4284,852,4898,4204,9413,8481,398,0,0,0,0,0,0,0,294,713,1380,2971,3048,1806,292,0,0,0,767,0,0,0,0,0,0,0,0,0,0,0,0,0,0,0,0,0,0,228,0,0,0,0,0,0
6,1485,137,-999,72,-999,27009,31817,52124,214130,22613,44307,221496,18240,101178,430392,-999,0,0,875,-999,530208,159788,182741,761537,-999,468348,28230,91304,-999,20369,31235,-999,10017,7283,31743,10814,8339,9077,0,4338,139,104492,45031,1645,13950,11348,31923,-999,-999,2138,0,35380,46311,10855,0,0,284,0,0,0,0,-999,0,39323,35425,19648,19641,135110,168277,171356,91837,63199,164149,299693,99577,229077,125679,70071,6553,32023,12422,7306,56,10517,27865,41055,0,0,0,0,0,1023,8600,58140,5411,149541,248709,94128,20277,321740,732827,442587,85461,53512,152128,162970,319594,163476,23977,114582,65206,205223,78002,45643,3170,101891,423082,406720,305727,552104,601987,324942,45094,22349,17549,74705,151457,57,0,0,50,0,5940,1454,0,409,902,4261,498,0,0,48,12,0,0,75,252,23,75,0,0,56
7,0,36,0,0,-999,0,0,0,657,2019,25371,25527,7645,1488,8451,-999,-999,369,7106,-999,80631,44624,2491,96572,-999,92447,102,2202,-999,45485,153,-999,0,0,0,114,725,1668,0,48,0,23742,3119,144,-999,-999,162,-999,0,6269,5216,54367,25619,2268,0,0,0,0,0,0,0,-999,0,6767,11320,2816,324,7314,68556,151543,40966,32523,212885,183074,118190,242796,116716,62161,20817,62024,33979,27453,43,2821,8558,6570,0,0,2627,747,0,0,1039,10073,124,25882,134955,51429,0,63749,334477,323860,22530,2133,13687,53736,146781,226570,75177,4965,667,2037,178,0,0,2117,90491,187401,50100,187380,163796,103505,25931,35,0,0,1373,0,0,0,0,0,13776,23442,1306,2091,5017,18845,2153,0,0,0,0,0,0,343,56,176,11975,1299,0,58
8,-999,232,0,0,-999,10476,0,0,9748,903,1989,2946,17690,19320,17518,-999,-999,264,7881,-999,99251,64223,600,32481,-999,30584,0,0,-999,12612,297,-999,4590,1494,675,5109,22670,19315,0,0,0,0,0,1350,-999,0,0,-999,3271,387,0,15701,19593,601,0,0,0,0,0,0,0,0,0,1153,966,20,0,545,1399,21609,382,4802,32190,90433,29799,76847,103294,124023,43334,67164,68942,58017,29,13932,57901,9173,0,0,0,0,0,586,6416,26259,189,1420,25167,28998,0,38822,191716,228703,9049,4936,60419,256051,546783,344989,98080,70388,109706,433435,385554,269315,1084,81155,346323,306940,99865,260313,117078,171622,13653,426,4152,210,145,0,77,45,0,0,2100,2569,9,207,7218,55030,2816,50,258,29,0,0,0,1236,69,0,77,0,0,16
9,3663,12522,8330,72,15111,28773,313,14902,58870,35104,8887,17605,22954,18940,31055,19768,0,0,5065,31905,97579,10471,2169,286696,165502,93196,0,5229,31180,39544,39255,55663,43511,12886,18142,15961,23186,7029,0,17,171,0,308,24,2478,0,0,0,5429,299,0,3191,2764,137,0,13,0,0,0,0,102,581,665,10861,8091,1168,0,21304,39546,54862,4088,62764,84658,136709,36390,122729,71757,79424,7841,21670,22175,25576,412,5317,11636,2125,0,0,0,0,0,49,82,1102,0,5166,70201,52613,0,64897,293631,235738,2342,17648,144378,181038,144337,240643,93880,142180,96041,176973,92229,114448,2950,34617,177685,159919,65886,198545,107507,89340,1851,81,2572,2417,1372,0,0,108,0,2100,15498,29151,6157,2297,8438,66539,1189,129,127,1487,848,357,4897,6959,1899,818,1936,1053,152,5595
10,0,0,0,0,0,0,0,0,0,0,0,0,0,0,0,0,0,0,0,0,0,0,0,0,0,450,0,0,0,0,0,0,0,0,0,0,0,0,0,0,0,0,0,129,41868,0,0,0,0,0,0,297,0,0,0,0,0,0,0,0,0,0,0,0,0,23,0,0,0,0,0,0,0,0,0,0,0,33,0,0,0,0,0,12,56,714,25,0,33,0,0,72,627,0,0,2514,13301,14590,0,1513,6218,3665,903,34,6263,36569,21508,14111,3351,46072,11290,14645,2309,31892,264,630,20439,44961,7799,14540,5005,18858,336,0,0,0,309,0,0,0,0,0,2461,2221,220,9,932,14476,465,0,0,0,0,0,0,54,0,0,0,92,0,41
13,-999,123445,129141,35064,269316,-999,0,293,26757,5617,385848,648977,22329,259259,74103,93698,-999,5290,206770,584649,-999,134523,24139,54990,2688,45054,4194,7213,14616,43932,11075,12349,1568,18461,40704,8639,2788,77354,3123,5044,27627,38307,5585,18448,81160,-999,36732,12960,39458,44714,1319,43713,21528,215714,45,4798,450,2170,11009,130983,213741,216707,78957,33126,6080,64989,41765,30279,18115,98663,6614,129298,226887,359063,1430,45740,45947,283558,16855,7220,15952,77802,853,5952,33097,254254,40931,52646,2403,74449,34658,136098,63545,196706,29473,48709,10878,146586,38531,195565,115245,187566,63570,79009,95481,201030,115713,79716,51855,315071,99403,66542,5808,57105,13286,4694,55343,76811,19546,33308,17289,57194,56959,5115,55639,132259,6556,1849,61092,176194,25964,77048,53888,170644,106683,52441,75490,397816,18169,7630,8953,20394,97615,28131,145084,480580,125002,65015,48897,298783,44697,81878
202,-999,0,-999,0,0,-999,0,1035,0,0,-999,0,66,315,-999,4875,272,3582,-999,2031,8410,33831,61252,619,0,-999,34245,14103,-999,8632,54684,27306,-999,34789,44735,5443,0,6607,30195,9838,60,10023,-999,16735,0,707,7308,4806,-999,230,-999,614,126,8238,29688,4172,29,153,2943,1149,86,0,2493,647,0,0,426,0,0,2597,8919,842,810,12532,-999,10497,93,8686,55156,15386,1290,14596,28225,403,547,13235,19176,6123,104,6066,3186,2713,0,1094,30908,3886,0,605,54956,30781,18448,59134,56854,3682,90,5907,43436,0,0,94,6946,562,0,653,-999,162,306,26460,30659,6918,2822,16862,23575,22,2423,38081,66745,665,0,0,13392,4298,0,1255,6344,910,358,4486,19981,1533,0,1922,3673,496,91,2104,3413,360,0,346,-999,345
203,0,0,0,0,0,0,0,0,0,0,0,0,0,0,0,0,0,0,0,0,0,0,0,0,0,0,0,0,0,0,0,0,0,0,0,0,0,0,0,0,0,0,0,0,0,0,0,0,0,0,0,0,0,0,0,0,0,0,0,0,0,0,0,0,0,0,0,0,0,0,0,0,0,0,0,0,0,0,0,0,0,0,0,0,0,0,0,0,0,0,0,0,0,0,0,0,0,0,0,0,0,0,0,0,0,0,0,0,0,0,0,0,0,0,0,0,0,0,0,0,0,0,0,0,0,0,0,0,0,0,0,0,0,0,0,0,0,0,0,0,0,0,0,0,0,0,0,0,0,0,0,0
204,-999,195428,-999,21615,43187,496332,139635,24912,860,179202,448787,53041,82172,-999,609561,-999,29283,274293,453747,1845,167384,471015,469967,2679,172,650391,432252,-999,-999,221458,293526,98127,-999,273833,75106,10369,8144,281362,166124,16950,5848,247040,-999,2286,270,107725,125782,9854,-999,-999,-999,-999,-999,-999,-999,-999,-999,23504,-999,3601,11899,121271,251283,34258,1346,134189,257919,11070,13517,295427,181251,4581,42756,469197,-999,45326,2508,129629,287561,45718,8259,250671,213047,2910,65,74095,83722,7720,5458,84805,76657,7768,586,92360,311587,33930,25973,279468,425625,113291,360560,843390,385683,53355,72565,377496,416343,3178,27717,379546,629047,51524,108634,457104,357385,297,16047,863511,490232,12323,3899,191604,112361,0,11983,299456,205688,668,1255,132288,58039,3878,993,137025,123307,9254,11626,223267,260854,967,10667,163257,136562,9648,50271,397240,93286,5914,5539,124961,177424,10228
205,-999,840,-999,1815,0,-999,85209,14893,11067,8794,62164,104355,840,16736,146242,-999,0,0,69473,14220,4055,27473,45153,655,66,16349,192657,-999,-999,51016,-999,-999,5800,70561,293039,8416,0,11616,-999,12433,783,5549,111882,4966,576,198,61174,37526,402,18505,62719,15905,1417,55371,133289,2003,0,0,53063,32744,841,23000,411484,290981,1653,783,356697,117077,47,82054,438724,27055,1195,97596,417365,40995,28,2405,326650,153363,25591,174385,644237,46995,7533,25224,414002,152379,0,5040,255084,57606,22,68451,443523,139375,82,64168,568743,96855,27234,78781,371689,48935,180,4926,342281,160766,19303,5787,53759,14237,404,0,197145,61825,804,198066,341770,24365,676,25946,303378,18737,577,150242,501544,5971,648,30343,355433,86501,184,1076,126628,21192,595,95801,394348,34190,339,20292,209752,82758,1026,43919,361850,18976,75,6270,159067,44565
206,-999,0,0,0,0,-999,90,0,0,0,2151,1423,0,2439,6990,0,0,0,0,39,1499,24550,20626,0,0,7153,26499,4238,-999,180,-999,-999,90,0,19021,169,0,574,-999,186,0,1296,13085,0,0,0,5505,195,0,257,257,0,0,979,616,0,0,0,0,181,48,19952,42355,10521,0,0,27359,376,0,678,1808,231,16,11070,20964,0,0,494,18083,2177,150,2609,17186,2750,132,471,10344,1036,0,3771,8811,372,0,2507,11309,4177,0,276,9854,22,52,2620,-999,644,0,60,8990,219,0,0,0,0,0,0,0,0,0,4490,10794,16,0,2432,11440,0,0,2999,9182,0,0,0,9052,635,0,0,0,0,0,129,339,0,0,0,0,0,0,0,74,154,0,0,2401,408
207,-999,105270,88659,5541,612,1001376,615493,60072,104,344586,397827,371909,29604,1063624,872603,-999,18495,234335,654768,118447,65154,578223,589762,36749,31626,1266220,1525458,335281,-999,1033355,1371385,-999,-999,220546,628854,4088,16139,43623,280812,56592,52364,395190,584656,19140,3890,25774,264461,45679,15762,127556,231438,145089,12056,193273,380580,2933,0,13617,15090,9312,2412,400244,553611,81081,14642,40520,396758,117280,6288,672851,988264,22561,111222,1444243,1122799,71187,8502,121730,424987,214997,94802,808700,1163300,50085,1535,188021,814984,93551,3641,115739,389829,52113,6391,432293,1045725,163674,13813,335521,1144659,177035,431340,1268199,773475,231574,47242,606713,1654130,278056,23929,133160,255300,24249,6908,-999,640999,97399,89006,1205748,1115991,126524,26316,561377,940126,81922,24666,1007266,1364963,7915,8566,485479,978648,55249,2732,53391,270685,95148,49997,1006232,670985,4782,7596,34346,101738,95864,92890,784867,426679,18542,8993,157210,770566,125643
208,-999,70719,248283,59859,5553,3052737,3189925,256050,0,252971,2220920,543621,13205,1262799,3213147,-999,0,0,1382409,413805,171503,1349694,406414,11513,360,4909471,5418334,1796362,-999,4903312,-999,-999,-999,1045471,1841931,11098,0,291,-999,140689,56210,1415078,2381032,44495,0,0,140665,109847,0,23799,265149,-999,2403,235224,1316082,41394,0,14940,136620,12793,235,201917,1250683,237864,0,0,401046,343036,16156,755903,2191852,89170,0,898717,3055352,701949,0,0,114200,91911,37244,169755,558692,34788,0,15469,1004982,1008721,2696,47420,912175,14578,0,64845,747883,295942,0,28944,1356039,297092,27668,451958,674880,293797,557,524,410745,246044,69234,4160,17497,4611,0,0,171176,101107,0,796797,2237272,461816,573,171564,911318,52453,90,457845,1753193,32376,2514,482835,2567242,555699,2575,0,505658,325211,38499,1173103,2554651,80720,0,2089,446048,294592,187119,233789,659275,52635,225,103560,1538297,497010
209,-999,201598,317073,36369,0,1614726,1895832,355808,0,99191,870091,538720,22199,851545,1850136,176247,0,5328,1468987,235056,29580,1401677,1446139,111935,9022,2191581,3492602,1303910,-999,2177372,-999,-999,-999,1236077,2542163,48935,0,1833,119101,87568,1845,353630,1043778,2879,180,0,226065,147285,432,68368,448642,-999,5681,315328,977723,13492,0,855,132256,18157,0,346889,963223,176295,0,577,254314,123299,1071,322617,825646,88780,1133,755554,1616695,266151,30,15552,734459,328416,18975,387940,1134454,36107,25,38610,530341,169840,52,168726,607258,20955,0,241776,891477,383862,239,212336,1208538,228177,134728,930201,1785715,286908,1710,124087,1684504,474598,270,21404,617048,126486,1199,37801,700881,78635,2673,749061,1250078,202794,2119,255895,1191814,59057,5228,1042470,2055933,72417,3601,689900,1833643,174086,0,5503,817648,272425,15309,1121970,1911025,68846,0,26908,834266,592440,138305,1016893,1205149,10996,0,78226,851020,198067
14,-999,72156,239688,118036,146206,-999,3267,20863,37566,3476,368265,874098,235145,271184,210732,127690,-999,1396,-999,542030,-999,329247,26952,465263,43648,22290,6741,5810,6994,234,194741,42149,57071,22533,14803,86813,27944,15419,-999,7332,4438,115223,47795,3955,4180,-999,25809,18337,1402,3597,198,10516,6825,19426,306,0,0,5931,2647,17888,75254,110424,97894,132298,25943,30868,41672,102075,125664,109472,9752,129429,160943,110753,18959,29287,4145,19093,48753,41317,8747,109002,47132,12672,26141,25065,17042,60311,4600,32904,24442,61072,6727,166099,8177,110433,78544,72330,51460,252394,325302,211555,40683,125930,165256,162238,353009,239584,102559,436305,164698,274964,29151,-999,38663,50650,173258,203864,79681,145128,61832,14494,19933,43927,325304,250228,32575,249,2472,26694,33140,73893,172120,173887,131876,54030,112488,190542,41308,8789,2553,8661,63370,24760,138257,130491,85682,57269,67908,88320,68240,63030
15,-999,2385,-999,-999,530,0,0,-999,4617,3906,451,7398,4494,2727,0,0,-999,156,204,1404,23760,1052,0,6460,7346,0,0,0,0,1558,0,22809,20982,1701,1431,8007,5069,1415,0,50,630,609,0,0,0,-999,0,0,0,0,0,0,0,950,0,0,0,0,0,0,0,0,0,41,0,0,0,65,47,0,0,298,1959,9250,960,6317,7297,18473,4696,327,1959,266,0,939,30,1109,0,0,0,0,0,0,996,2560,0,1458,1504,5878,0,535,5814,5607,857,811,5279,11585,1779,18059,10438,4241,112,4892,7572,17896,732,9215,48971,36144,118,8102,12155,3821,260,0,0,0,0,0,0,0,0,41,0,0,0,0,189,1797,26,0,0,0,0,0,0,2327,0,0,0,0,0,0
16,-999,79868,-999,4886,77242,203940,0,-999,81395,55710,1160,54955,72144,192916,11362,5781,-999,2813,17563,55235,214443,18398,56,45966,18816,15117,792,0,4999,30852,4269,38240,23199,2032,21417,22599,70852,77882,0,3003,9000,39703,13978,6300,16082,11779,239,329,48687,100097,1203,15831,47230,119506,0,0,0,0,0,0,1346,3458,3778,17964,23040,10989,1399,48748,56675,113079,11789,100443,239162,348284,19407,125691,125951,283540,49423,49832,184412,102379,3735,8823,42110,103037,9045,5043,10152,14230,2312,16058,22009,164388,7134,94517,224442,221287,1635,67106,407930,413366,53559,21982,199216,420387,196642,167584,99991,68420,14469,46614,100958,249130,32138,104174,380171,328932,38088,74743,95515,173069,7683,0,379,18412,706,0,2167,14786,2179,403,16209,2383,137,14,23933,221534,9058,1223,23174,39870,3663,28,475,1816,5659,607,2294,10844,0,3004
17,-999,344358,-999,170375,626695,-999,3852,264476,344960,181277,179936,262168,191403,734109,416240,154283,-999,107921,189854,292475,586391,240661,14367,185924,244065,-999,512393,167010,93151,359030,172692,115425,169878,102056,398827,253003,167340,540538,58647,7266,98251,540707,144914,60136,87526,68126,20608,9315,57783,133135,3689,23321,91402,421101,45626,2374,707,3602,3630,1776,46602,134857,118810,187377,117995,199711,58348,242147,225281,420285,46453,131526,346919,864965,306091,349014,145706,558634,762993,339701,397486,745720,115926,35841,81544,382070,192615,75447,45075,30270,1591,23186,64346,513429,52953,287543,323350,701382,42589,69549,485528,709077,320395,41656,116252,534833,385368,117560,85923,137139,33094,65463,47915,352927,58929,73037,310079,515397,124392,178742,135025,235611,23898,1131,13169,197263,121263,251,8863,139533,105428,48952,155971,335577,52782,46796,207719,946238,153824,4166,35103,137601,44642,141,2021,62821,76353,37370,101015,198153,2366,34026
210,-999,564426,692095,126703,1440,2268909,2506497,411800,2301,149599,966111,689698,30978,564905,2336668,-999,2646,8316,1205744,277000,39958,711006,1349620,51267,3995,952445,2430883,787346,-999,1315108,-999,-999,-999,1404042,2309154,22312,12595,30475,326391,80443,19327,165024,923388,6597,1409,9395,468896,283137,5964,150189,522594,-999,16326,426626,1222101,5588,0,6687,232164,49492,5233,707719,1364338,209222,3851,11412,204733,112964,8079,241588,661207,61091,5208,393092,1313431,391798,1435,33849,506922,211677,18252,156925,653662,14882,2076,73211,698078,415819,3410,196096,674328,18376,2163,300610,1137680,459606,6764,174060,1357169,195007,54515,693145,1674485,211168,2484,79418,1315598,383643,21870,73558,272099,55308,4558,73041,572654,160076,20012,739155,984561,176732,7177,217794,1033770,26794,6858,699828,1747413,149418,6076,589624,1708023,219805,797,22744,968803,285618,21139,1376912,2218105,63564,1758,44488,607169,343709,67884,653043,1073593,64757,3448,119687,844875,170686
211,-999,6999,107289,77223,16209,254250,451109,180266,69,21739,288249,172186,621,8069,263574,-999,540,405,438279,275314,107541,294301,617801,64625,0,147813,549964,280283,-999,73321,-999,-999,0,146695,491412,97578,0,16920,-999,100479,0,52506,409108,30239,619,7105,157092,16590,407,6605,104985,-999,8263,103253,286470,22217,0,180,-999,18367,0,31552,265470,114575,0,9784,337075,109865,291,38354,344396,29712,0,51015,191379,53915,0,1902,371834,167031,48778,201376,534950,71817,0,31124,364180,205445,1194,9831,132988,12247,31,50176,329580,182467,31,37354,620213,131003,43890,238841,476025,58885,0,4270,460845,170762,23094,7483,116856,8803,0,0,176218,57867,586,166661,406452,83443,101,2064,60727,4652,319,34121,198490,25322,307,40638,378786,176246,178,1954,344172,150628,1031,168394,690449,80003,0,12894,102451,43215,2079,43294,177582,38623,0,36582,544310,174654
18,-999,418,-999,553,33,3870,7407,6104,1493,1994,7686,9621,7559,17060,35494,8658,0,5890,14911,8135,42421,31046,6254,22221,24463,108108,25881,28930,-999,59096,42330,24419,14746,266,158,78,100,7355,0,0,920,25029,1631,709,451,727,0,1875,0,0,6174,6132,4222,16771,804,20,0,0,144,1097,10578,26945,37710,13186,1171,28216,10221,7701,8457,12990,2518,4509,8666,53650,28563,12591,1448,9984,27828,492,448,20,1381,1631,3023,18422,15096,1840,0,70,1938,3029,6369,18193,7823,5637,247,7381,2768,7502,27619,70136,76763,0,0,304,7115,6705,4503,12403,31717,17624,2643,21878,40573,7010,19064,34046,33021,40992,33280,128668,34182,615,870,5873,5126,0,0,0,0,212,106,8506,2177,95,5845,37461,3499,0,0,2780,1033,437,6465,18556,16207,6049,9225,37055,3695,455
19,-999,0,-999,1860,1050,-999,24049,4745,5055,8274,6633,11438,33998,66797,59187,6541,0,4892,2594,20072,58889,18636,0,39783,49818,72706,0,135,-999,46443,8879,19906,14255,3405,45,431,1303,6275,0,0,97,21318,317,2211,1563,8910,0,0,0,0,0,735,22711,25927,0,0,0,0,0,0,0,47,340,3103,423,4314,1345,272,638,195,0,0,41,2375,1466,14868,13367,63486,31972,0,0,0,0,0,212,4109,2607,17,0,0,0,11,3852,25061,3637,759,0,0,0,1735,33267,50497,3066,0,50,971,0,745,1026,1002,4353,11071,1070,513,180,1089,9764,12825,6347,33462,30945,34651,707,352,130,2546,2641,0,0,0,0,2206,5284,8715,41,39,1404,27652,5214,8,124,3494,740,26,950,2939,4488,2516,5433,12945,0,0
20,-999,51223,-999,6835,12576,106848,64206,28067,5547,5616,55692,46124,54039,77526,127380,32790,1493,9144,105773,78297,124153,33680,19870,140356,46692,124207,20394,29223,-999,122625,94761,129717,-999,74343,2615,19226,21875,13953,1089,25920,17817,177043,5731,15437,10474,13619,12631,9022,0,169,43140,66966,33733,91858,1885,0,0,0,0,643,1750,7075,7316,7655,770,277,74,0,0,0,1751,1012,38,7428,5175,1771,0,0,469,10442,6936,14874,1444,68306,43623,74919,148651,174354,29558,54166,65970,87051,72417,305248,40889,155331,8659,102192,87183,66114,184727,163655,6074,25994,29889,49927,164703,62929,30272,122213,146747,57422,43943,83354,38838,25401,94398,132745,72839,107908,32523,54893,9877,5238,932,7263,2341,0,4483,8497,14840,43393,12084,148219,41873,896,12713,73293,77,0,0,0,62,0,432,6021,4799,178,9524,80974,2535,3863
21,-999,0,-999,0,0,1881,0,7089,1928,3415,629,305,8289,13788,5938,2634,0,0,929,22329,114086,40280,0,32751,69489,173552,-999,-999,-999,97554,30105,35163,-999,47555,0,475,8028,5482,0,315,339,67791,104,11994,12426,7393,0,0,0,1089,60,588,8659,13906,0,0,231,0,0,0,180,513,0,0,78,927,0,2628,11340,21193,327,3453,16772,63626,35733,33263,10567,18347,3398,2715,2979,52,0,0,681,0,0,0,62,666,27,0,1196,20817,0,4773,1122,1118,0,155,27350,45199,3094,1169,13379,26042,31272,18573,7928,3422,2288,3332,5583,36652,10080,5202,40770,92450,45831,63416,41622,30720,0,115,532,688,595,0,0,2613,0,409,0,0,743,9406,160,3030,173,0,24,237,83,0,0,0,0,0,1367,1867,105,0
22,-999,0,-999,0,0,0,0,1756,2245,4394,801,0,370,0,582,993,0,0,0,5901,22522,3090,198,5841,13857,22083,0,-999,-999,30149,1071,8937,-999,7261,0,571,2934,2127,0,0,54,10500,0,5355,7461,5541,0,0,0,0,0,486,1776,1167,0,0,0,0,0,0,0,0,0,0,0,0,0,0,0,0,0,0,0,0,0,0,0,0,0,0,248,0,0,0,0,0,0,0,0,0,0,0,435,6622,0,4736,69,0,0,70,12970,21699,1774,214,148,178,0,1362,1355,0,82,149,638,907,645,45,7811,10825,2709,10399,10427,2113,0,0,107,1129,643,0,0,0,0,175,0,0,0,9094,93,4317,720,0,0,0,0,0,0,0,0,0,72,559,131,151
23,-999,1320,-999,853,990,10278,171,2251,402,0,153,786,5164,7632,7851,213,0,0,1028,7658,20570,14993,824,9604,8487,28701,3177,-999,-999,2826,0,5085,-999,5846,0,1435,990,837,0,0,1944,29961,1536,4850,303,3113,0,0,-999,967,2224,2444,3652,17959,388,0,0,0,0,0,2274,13402,4804,1780,2283,2594,1339,7260,2171,528,41,2091,3792,41994,35520,14488,339,4523,3821,12335,4804,135,4219,2627,0,1810,2740,3492,75,1059,2304,1964,4904,40035,9236,6380,0,3069,3704,3800,26695,44497,19804,6258,1184,317,10301,2425,3246,5155,9668,3035,13504,27760,14289,3104,27652,34165,16917,8943,3726,3906,132,0,0,160,206,0,0,0,0,1210,2325,2943,3208,8251,2520,25188,5939,0,0,0,0,504,4205,10913,15122,1635,4018,14039,2894,1355
24,-999,0,-999,797,231,15876,0,5799,1482,298,706,2027,9548,-999,21678,672,0,576,3507,9867,23741,12873,628,6443,3513,26800,3240,-999,-999,12807,2943,11124,747,13271,0,5453,1692,6079,0,0,3687,75524,6441,18495,4239,5224,86,99,0,462,5394,3242,9018,30722,442,0,45,0,0,0,6251,13305,12233,2349,2707,2709,1039,10015,8126,8615,1137,6534,17682,57648,48005,24071,458,4705,5724,10086,8012,245,14955,8825,4462,7293,4780,5003,0,0,141,1980,12126,53949,12157,2243,0,5100,8329,7666,34535,57716,21288,1567,1778,460,8383,2018,4081,8927,15484,2182,6193,18836,7469,189,15533,41359,29390,11169,4180,7336,1965,18,388,3780,2762,0,0,0,0,2868,3432,4404,2894,589,7327,48057,12438,0,248,917,449,366,7831,30777,31830,3238,8592,21461,5282,1650
25,-999,0,-999,0,39,1611,0,8172,207,30,0,63,1065,1107,2689,334,0,0,372,3556,17366,5250,47,11404,22125,51903,162,-999,-999,109699,63018,57915,23769,61460,120,9531,356,7128,0,0,564,61065,2671,35636,22109,10067,75,0,0,253,207,615,8115,16209,0,0,1514,0,0,0,43,2016,0,151,634,2368,202,30937,56151,76315,1754,19238,24930,95636,70343,146178,22538,17214,2128,13526,12515,144,793,785,2430,5397,9373,11590,2721,0,111,1875,10710,49281,10204,20375,217,625,1182,1728,25617,53855,14289,4839,6682,18262,26899,11724,1551,2406,3523,2175,5243,19984,283,5296,53432,73405,48324,55313,23723,60142,676,0,0,0,0,0,0,0,0,375,316,63,0,0,1377,29127,6747,217,2979,18338,2774,26,170,5321,3226,8404,34529,65251,25790,32364
26,-999,12792,-999,1977,2115,40203,1557,10377,14979,501,331,1140,10706,27051,34960,4984,0,7479,19476,30805,126176,67617,1949,55805,60991,209988,5202,-999,-999,159931,42507,90315,-999,44558,78,3180,3007,9353,0,0,302,118914,14798,33076,14982,4788,0,1395,0,4057,3267,1648,19681,105389,613,0,1489,51,0,162,35241,85744,2553,2296,6149,16126,10235,32774,48222,92457,2598,17056,42812,219696,108287,131777,21446,60098,21720,20058,18331,3999,24120,4500,550,16924,22172,9218,1424,3995,10480,4992,31655,232958,12965,38070,934,25021,18376,10413,96958,170088,8154,2265,23120,76653,115449,17686,3603,43895,73145,23322,22952,130920,4341,9293,113663,284252,104705,60619,21357,57951,905,0,0,1821,1529,0,69,0,0,1898,1820,33831,22140,0,2380,85095,21182,146,2608,23747,5595,87,10684,87452,42208,8245,45378,146255,33473,20285
27,-999,161202,-999,108002,236601,500436,11646,27974,90008,12972,27767,36889,71229,152476,100274,52254,0,10404,106719,313865,417312,40199,596,163509,194397,477325,5580,-999,-999,304422,81072,173520,-999,144135,636,27291,2738,78268,248,915,147,421153,147783,165378,111969,49121,34079,135,0,36678,31162,39100,147933,295334,785,0,9186,1014,0,32,110591,221268,4507,6423,27350,77460,42309,106026,157416,178694,3713,71464,175536,346028,151113,194583,65228,171883,150969,170790,218383,103594,151452,128229,109319,132034,121831,129511,16057,42783,40539,56624,162445,530455,30129,163577,2608,123658,75080,165650,380068,435647,13578,27804,29453,117824,214979,4887,3591,71131,101418,93697,105044,264099,29333,82299,275732,373418,130770,230710,241343,97214,4940,2196,13600,39902,23291,0,21418,83233,17567,43954,98082,203657,68876,30564,227839,603432,37679,1175,76640,340208,57574,7808,78210,342527,205499,169350,338571,448724,7655,31328
28,-999,50957,-999,48568,108584,282663,19044,46680,67523,40351,60649,49312,80574,267550,140707,45766,156,9675,62603,185446,309239,83346,1408,97315,132005,596786,23985,-999,-999,499345,104004,201051,-999,109469,453,20500,58727,97374,2524,297,5261,546354,96961,180394,172067,102422,29269,577,324,29263,12093,14715,98106,429091,36674,407,10962,449,0,50,36614,296521,86479,6384,7091,69748,98356,189364,303845,371010,7542,85782,285740,734284,234620,231109,165287,347073,234929,200117,338851,376956,444504,240118,176050,314793,177662,97505,23993,70437,71987,78521,214204,731106,29756,112543,684,136447,133964,151369,524137,599810,32665,7382,35338,117465,294206,39309,9666,131291,185627,89065,79299,293114,31405,35773,237261,475779,279083,258829,180602,53743,248,375,3724,26705,27366,0,12575,10358,863,16892,47461,97238,25875,70142,201199,702275,176463,5358,86146,240212,26959,1230,33299,446152,295460,212880,501426,797905,77271,2996
29,-999,5460,-999,701,4125,49617,468,2185,4013,48,0,258,5423,15660,5693,432,0,729,1635,13814,37868,26596,576,6447,7606,56420,3087,-999,-999,9603,2925,7200,-999,19385,1480,2682,1835,29495,3244,0,792,68123,13016,22562,16571,6759,2334,0,0,21805,4379,4892,20751,64366,9067,0,0,0,0,0,4087,39335,2522,888,1035,9034,13065,6402,2656,5665,218,637,5464,56621,26590,27122,10796,37172,20587,15164,14565,6628,7217,7471,8108,42037,16971,9551,932,1538,3629,1897,24602,88581,3827,21912,260,13236,7598,9275,30410,49265,7387,1466,1641,4214,12748,7133,3627,21523,29033,18773,31850,45607,10108,6338,48836,121517,69232,31366,14658,14075,109,0,0,6407,2279,0,0,1968,0,4445,3942,12479,4203,715,3759,49725,18546,0,47,831,3448,23,4492,38067,21236,1106,1987,12317,4059,0
30,-999,69361,-999,25181,59161,184824,3006,16953,22203,7335,1454,3843,9488,30521,31125,6821,600,10827,71571,125492,135443,171549,5813,84621,155456,468290,39663,-999,-999,278045,41004,142713,-999,274751,26238,77128,15534,237875,26969,3591,14934,479605,66843,58566,194643,58803,44473,1636,22122,103630,11587,44434,149992,334577,60866,509,57,7792,0,2477,125557,334576,49763,8310,2051,70673,41138,30225,24173,37346,2757,6119,68039,329138,151841,147228,123240,328522,266809,145248,162361,203448,152598,111251,51045,231626,105857,101304,103490,106248,51587,57055,250224,498834,10817,101267,70256,167292,68793,102248,278188,321901,21417,9075,21176,35908,55793,15700,4932,22460,24885,12132,37580,63783,5305,12422,156147,326096,166600,105622,77962,142721,2403,239,3764,81783,52306,0,15753,45610,1548,27861,40662,147765,30816,31141,170244,456216,113066,76,3944,19350,6040,1456,19331,157659,63494,17152,40555,110073,28999,10184
31,-999,2281,-999,127,36,5679,0,4547,0,378,0,0,1304,1080,261,0,0,0,0,702,5359,4496,1894,66,306,3757,0,0,-999,860,0,3384,-999,3087,-999,264,423,10287,0,2040,1381,33240,8991,918,5008,0,0,275,0,3324,144,285,711,1830,0,0,0,201,0,297,7568,13942,1038,159,0,2865,618,24,24,113,0,73,1257,12024,2508,4245,197,1097,0,118,394,3074,526,189,410,0,360,0,0,1458,3171,0,26,1329,42,0,0,625,92,140,1809,1504,798,224,30,484,556,656,211,394,19,0,1889,3170,1020,0,139,820,189,1056,338,456,0,958,102,648,206,263,0,2761,126,66,0,8102,281,19,223,4283,3006,0,0,0,0,0,220,686,328,0,86,205,66,220
32,-999,120717,-999,222822,431781,1419633,29808,152289,220878,68184,199881,92666,112202,184844,362724,18684,354,17010,260101,312051,284041,399385,154665,363058,615763,3131584,59397,131837,-999,2226982,441117,886032,-999,898015,325168,206436,163689,1436001,542437,36509,4471,1919734,1012067,28924,-999,161653,287357,27125,1728,216920,123310,128584,380604,1110734,258873,15988,23286,46809,10266,4020,345049,967142,237406,32991,4119,107343,74978,73439,30488,90531,40803,50352,129484,776612,608051,604152,88216,933986,1547323,889531,916458,1466045,848428,435843,134981,771647,1181989,760628,562080,1135149,679132,472697,660426,1338457,373482,670251,2833,126554,327721,640274,791264,244146,45245,427729,540543,1347925,1498491,355791,105285,308698,163669,524231,560359,229291,86467,228054,424733,586350,544311,1170996,158617,305144,33505,161217,144123,1351312,342686,1198,481827,669341,159525,843285,192843,800828,101389,98948,456008,1768224,348282,580,22013,302483,89091,23935,47498,885534,1082058,207383,442899,734728,305498,271858
33,-999,306,-999,45277,168222,859437,441333,44112,29099,197010,635601,41127,36923,219777,544987,205503,1360,54603,778706,229017,352656,612378,574658,53354,1389,312921,1154692,764008,-999,685631,1254321,208152,567,165151,309418,70011,7926,60144,165649,64918,3955,767420,1472497,578161,2549,0,8304,7409,0,34923,125658,8799,954,186674,196500,13561,693,23796,28185,13216,3702,10184,135922,70931,0,50108,286202,263517,58356,496832,639545,129378,118991,881359,1359489,705167,236,77773,868953,758969,169824,390282,854817,363873,67411,821167,1662732,508946,580,42427,358145,280955,41923,611212,888454,21027,0,386,36350,145108,207609,438310,303515,64259,21177,310528,1139198,53889,32,5209,74680,67992,5513,144953,461984,38902,0,208674,943829,628504,22288,475942,1048409,84728,19994,1637861,1216891,13408,2991,286624,269805,26745,0,38500,216267,37978,10913,840975,1227224,33545,24973,814604,969742,50061,1843,354849,1276279,308734,14430,443270,1036052,251281
34,-999,450,-999,783,2646,60687,45225,20465,648,22473,132249,12475,803,2790,198612,100476,9479,141309,299103,56010,67826,185175,162609,13183,155,69255,218059,212828,-999,166225,282060,78075,0,120028,131538,24562,2771,84822,138184,47332,3245,245767,332843,103329,4858,413,4273,1113,0,4710,4999,5874,3402,107070,102501,3273,546,36739,89724,11236,30929,55504,134210,18297,0,12659,62208,52658,28410,176005,204433,21366,33217,324852,402407,154310,1248,64910,506335,332439,128375,274170,283691,41304,14759,220769,367106,108099,45,19919,62239,54445,60350,222890,113442,1455,18,3789,26626,30294,29052,126274,107627,19917,9435,87126,232452,5510,0,1127,11952,3027,249,38032,66326,12799,0,141516,272792,124535,2540,121771,177255,33581,18913,383101,460524,8851,16974,334920,295588,16153,1400,74370,144975,27154,15772,348116,320011,12369,26578,509652,516195,20496,1228,151662,452617,127944,37809,365228,444390,58854
101,-999,498,14382,-999,4275,-999,9263,3915,6963,3245,10002,26467,875,10657,99132,-999,693,994,26718,-999,156249,106888,19272,18571,88069,28257,57258,24379,207,2949,25260,6191,49997,6938,2526,0,7147,1873,16561,3266,9616,25113,15750,6655,92055,3677,72867,25265,16584,1994,5911,25040,49268,8451,1845,0,1074,0,0,0,40762,269036,50281,117831,286033,115626,148708,8465,41636,11839,2434,38563,91358,108416,164473,121023,9995,32179,121314,90153,115964,3210,68340,40241,59514,17928,207669,159830,145604,81399,5849,9101,39219,44075,33509,99043,73762,20909,5432,2440,180572,87451,1642,857,6261,168,93486,123110,13975,17629,111844,118304,36807,63740,9513,813,35711,21064,8363,26738,32332,998,1232,0,113,81,3131,84,0,0,0,187,10657,5480,20216,2465,853,6238,9077,50,81,279,757,11932,42589,17215,4051,1177,19778,46484,5684,7446
102,-999,45602,402768,253,102600,-999,55554,-999,142962,20719,127512,547277,26268,729184,1882629,1902366,0,2118,693533,357102,2285919,1239456,321454,369891,974897,878719,1380226,298806,10701,130626,292709,4385,43001,107836,179089,5903,89767,126850,116549,19319,34072,387144,668833,111346,497746,-999,453392,94061,11743,3664,-999,320452,335704,59558,28234,2301,0,93,316,423,903299,-999,993423,193225,478039,667005,1024484,345964,688357,1172980,503810,499369,338937,276256,603490,190224,3277,146766,2386837,833735,293142,35587,1235932,196959,554634,446158,1588562,464413,158085,59354,31068,91795,211617,621558,805424,487410,99575,79231,99085,21988,836914,817165,28063,5576,20589,6886,852792,564510,19025,88555,1341066,572070,1462,147155,592391,12718,151684,390656,243589,240457,42585,4390,32153,4134,6667,19259,233970,9296,17,1104,228527,152604,261191,112336,408947,38059,125316,335738,941269,16804,9988,0,64599,52810,572554,711998,219474,15597,811015,2165759,428658,189856
103,-999,5649,221229,45,213354,-999,-999,41408,191688,6779,-999,414272,35120,673494,1423867,2322351,-999,110,201035,262413,1135206,1874818,330346,215992,853049,1094844,-999,203918,10017,252036,210600,14841,5884,18382,51388,47,62377,67686,59950,4248,6732,186218,1552066,81805,429764,-999,392650,89180,12134,10173,-999,323908,260352,178682,6748,158,0,0,981,1986,1342419,-999,1600954,303158,219684,280913,1053175,323469,889979,2067291,1010575,731147,577205,483162,853678,292867,4002,156613,2681397,872604,293496,173576,1596520,220620,500157,543703,2070120,862297,137850,105195,58883,55366,455072,1442189,1040002,609114,231194,73402,46374,4240,847530,1108815,110799,4784,57389,46848,1671790,962387,22531,70210,2311916,1440860,0,-999,1044476,57350,208736,309812,202306,389177,72420,3095,2813,185,799,6230,38259,1397,0,186,171425,70094,713227,379705,489329,24075,109350,412364,743927,4071,1474,0,46061,80002,1050270,1040227,373242,3050,1033121,3577714,58333,221866
104,-999,0,8955,0,216,-999,0,54,846,779,-999,12874,282,22330,9040,36315,0,3037,7999,18801,-999,9823,1557,16434,28967,4719,3861,4433,0,216,6527,5364,5840,4563,22144,0,8107,2451,9674,0,0,90,10287,462,17080,-999,24630,4219,12975,20601,-999,6601,2618,5452,158,0,1050,0,0,318,17052,63403,6089,8524,14422,14166,8126,654,1713,7841,8189,13035,25017,37654,45876,54823,25749,45406,38939,29486,14144,480,21963,3361,21544,25219,40136,34400,21340,31763,292,1072,7073,19949,4157,28637,34793,23633,328,85,21077,12152,1508,1187,5549,477,56835,69943,5081,16946,11720,28188,3548,11243,1660,412,2712,1498,954,9040,7707,2698,505,60,0,0,0,0,0,0,84,0,2230,1129,295,23,211,6678,12001,0,355,0,1535,4619,10863,484,1098,0,344,2413,1420,2844
105,-999,0,-999,0,-999,-999,-999,11543,13851,-999,-999,104412,46443,57811,-999,126360,-999,2957,-999,-999,-999,-999,-999,143002,163510,-999,41836,9488,0,-999,14088,10161,28439,10844,9153,168,19630,14835,-999,0,93,-999,24082,1101,11798,-999,22143,7269,94415,-999,-999,64409,119687,-999,-999,0,590,333,398,144,82109,-999,78092,176365,163652,-999,64251,65523,125710,-999,16687,51038,115953,-999,-999,104433,36966,-999,134587,127371,86518,89359,258491,34536,44404,43599,86233,65061,87750,147432,1001,15938,55931,-999,16963,103097,113613,145295,-999,35942,123564,53458,27785,14835,37290,36870,118783,168230,44927,74205,144927,170826,29208,-999,28702,21166,73461,81061,31502,47816,58065,803,589,0,23,395,2915,177,738,650,408,388,43493,35975,31827,3559,5784,78006,49203,73,309,3898,18853,9731,44696,32562,17827,1386,18582,91904,21306,44268
106,-999,4793,80523,2501,178254,-999,24030,2079,28601,1800,-999,119073,114749,351363,-999,5715,-999,6019,-999,77049,116631,75599,16875,37635,2705,29187,-999,0,-999,1089,65876,4098,22313,11061,86801,418,17964,2944,22747,13233,141411,441307,209286,2268,18435,855,22509,42308,9771,24798,8685,17794,26136,3294,753,0,0,232,392,833,5281,-999,93337,29856,636,572,20682,1893,726,529,11895,2049,1481,10197,8370,2187,449,7836,112452,47228,9919,1863,69258,15054,22969,36683,93010,33071,33016,3686,808,7650,4592,3123,33473,7652,87,7811,5994,6044,5511,4181,9443,1361,3770,7406,104532,84145,4729,5686,26117,5022,8227,60353,13549,1757,30459,100612,52252,30650,24980,28179,10588,124,3928,6165,15175,121,1941,31412,69329,5611,125686,123119,187924,9219,3662,85983,58951,6526,419,14089,73264,65317,65168,46565,23102,393,6641,24041,57372,28085
107,-999,631972,2369061,140743,776070,-999,293023,361,3025,115714,-999,541971,183445,755682,242470,-999,5976,197652,802995,1458,-999,1165693,454697,21254,90422,413202,265403,12806,-999,547398,323528,16393,20173,267243,495431,16297,80863,110482,98249,65723,101934,2249096,3627272,131207,772,42388,-999,315328,64246,63644,-999,90795,350946,450961,195232,8777,0,9373,93563,120843,513588,818516,802941,117836,10199,149799,172057,1493,1790,37274,284411,498000,96690,787414,-999,262092,73711,634000,3581387,618466,530143,2618287,4053724,185470,629560,2466595,5832064,1783545,939105,2685361,1191460,606444,783008,1295583,723801,6768,43322,440596,-999,258221,69801,240845,313353,2300,29635,99763,2367422,400714,686,33007,495752,249481,69827,351639,-999,15292,450975,2975496,702862,2671,6293,318800,911204,1030,69943,442735,1083835,11811,40418,162753,1896404,31171,34764,249777,2149324,221839,71690,710372,852530,12940,141,19865,1327661,985005,6098,645215,1730635,70118,75326,557704,-999,3561
108,-999,478766,2447676,1136,1141812,-999,59400,126,22711,66704,-999,558000,159423,737319,244747,-999,3960,180091,136699,0,-999,227510,5076,272,35974,112217,211740,6120,-999,829854,257563,12673,30714,19900,48652,899,77020,42296,17482,1521,36520,1979012,2605681,68960,5184,26136,-999,172414,46115,15744,28995,19834,99944,247703,98620,69,0,439,26755,2235,245451,584414,451364,6624,5895,20081,35835,759,2371,21932,109439,156289,7825,648513,1265440,115936,4774,366716,2514676,179582,495131,1679239,2896161,74444,411464,613790,2125106,785752,686797,1844880,359531,195238,661741,1224494,217264,0,6512,108032,-999,36886,41863,166094,201305,610,19051,108882,1715226,602233,71,1949,430702,305985,-999,116668,-999,101,16991,1619301,478810,286,696,35820,137390,3170,18562,177073,439552,7204,28051,190969,663486,7522,42512,169119,827436,10915,55529,669546,876624,21629,3036,22154,388167,135402,3625,51062,222008,40039,198319,787209,-999,0
109,-999,129091,-999,5936,42844,-999,22796,22841,61547,42582,74401,22928,54982,177914,40767,14538,6755,71769,24938,27931,88422,19674,88,13114,30661,122767,2323,97,-999,45418,10337,6896,9295,67684,29506,3044,9173,24048,472,1732,14497,251241,41167,41818,4317,872,5333,8259,40480,69742,1034,3265,17468,24319,2541,76,996,2277,0,3539,13108,16997,3077,3789,5008,4081,945,2630,4735,3623,1365,2637,16738,39438,1596,1670,3403,25136,16555,5031,21077,13711,1889,15013,11275,68346,20363,15105,20374,55216,1060,5898,21580,17513,3006,8713,2895,42260,10455,6993,18244,25418,2270,1912,3238,30031,29865,12265,6588,7638,6719,6249,14442,18540,3063,2945,17797,18332,2367,10459,11636,13407,577,381,2284,519,326,227,2078,10953,1131,2346,8494,25418,10316,3391,46163,177218,28631,1277,1595,4824,16514,12094,24405,22545,19844,8561,19931,52636,11154,10663
110,-999,566382,-999,128760,375186,-999,2880,80596,146191,62561,40434,13656,187537,180545,26186,31547,6709,15543,3849,114466,203939,41458,3557,61860,195221,248289,0,303,-999,408004,22445,48177,54778,122265,54136,12085,29049,88185,0,11217,36621,406953,11557,211663,28386,39775,3209,1413,108702,73437,954,25207,52393,30135,0,0,2509,3443,0,340,45443,33716,358,60604,135524,30046,4514,157290,188910,50647,1476,28485,131897,107424,1952,14027,50772,360307,25007,76319,325157,283604,29329,125671,215698,352785,64726,181718,355822,471619,9776,20850,181041,239071,23906,336648,161136,331153,5053,25097,399223,116196,1626,8858,97493,330370,77269,116876,27832,45353,17070,35430,70169,103998,10032,45182,234721,71457,603,78454,55630,60627,4867,1468,3202,3593,2774,476,10467,83169,32338,49710,90617,109661,21347,10635,284724,368159,5139,1204,10761,19541,15522,39921,117908,25347,17642,72012,178037,102945,2103,32363
111,-999,881522,-999,231706,472102,1185471,145341,132487,203932,124724,269817,64083,162160,217071,148885,21563,1141,30358,195668,106966,173441,88767,57454,84289,87737,435575,91279,31940,-999,835486,332393,234423,44199,392150,47573,135203,90980,372919,68687,19261,104583,1037453,107828,195372,18561,72038,52574,8068,39803,82189,13562,41657,83555,156460,58449,2020,24203,96014,14926,26722,379124,328222,539845,92277,12862,170072,153812,25527,17123,26072,34908,217427,226335,254198,233556,271153,229838,990981,666524,184713,268249,1087535,636580,293048,375830,1194641,746867,472065,347261,439249,18149,159195,751398,1147298,147641,238448,184236,361308,72297,74765,372838,325221,60997,42336,229485,454778,380343,70532,26564,52898,141178,88279,86856,82916,32300,26526,261480,433937,196019,156568,92172,75896,47833,5697,19543,110923,82301,152,319372,757036,103758,195333,185447,360273,133737,34313,236086,518371,110624,7348,108963,253350,92553,56872,216396,170109,134839,85252,219691,208233,21183,67230
112,-999,18048,-999,670,1605,6156,2628,9043,5367,9414,10757,5952,13546,8241,57,401,194,2509,1725,902,1863,1075,248,1613,3508,5244,0,0,-999,2761,993,0,-999,2412,322,338,2370,7431,0,175,8055,64221,11101,4339,3922,5665,2986,39,6357,3849,2015,255,2966,1843,0,0,324,229,0,0,207,267,2674,696,728,7199,1110,228,547,536,322,76,2891,0,3262,7687,472,2788,3086,1147,1511,4291,10703,5149,41154,73503,43238,26181,15693,12845,5556,330,1253,12376,14153,136,635,9402,11896,3150,8144,28471,13434,209,13443,21841,43629,2478,1501,5454,23617,6522,768,2665,4796,0,140,2256,1493,742,315,3532,2209,819,1374,3188,1246,69,111,0,2934,2229,3518,13775,22515,1363,1689,24818,16179,0,295,84,4955,1398,3095,9094,3742,164,226,1511,3380,5304
113,-999,777640,-999,435905,801093,1228401,26541,107848,147855,13748,10107,22327,127342,244640,52749,46373,43732,132570,94879,79318,75546,10344,3085,151015,139416,320947,1216,29690,-999,271585,11762,40212,8145,130925,0,59824,39467,180077,528,31585,37222,596300,159674,67301,17323,34398,50174,24122,14566,24497,354,100192,267645,95806,3164,0,2920,625,5541,35087,331832,440132,310868,60222,4701,26085,24707,7826,15662,19545,16791,64538,287631,251011,88444,176446,96900,508111,123194,58767,170095,170448,77957,73186,84595,688631,418551,421150,424020,518324,61583,14303,139926,336237,63297,177395,21467,172016,28848,38297,194452,68771,7426,65554,171594,400136,284571,20179,4292,22217,36529,15420,47459,90379,28050,108668,505414,520615,48145,73872,92154,24122,12754,2258,8402,89057,23432,936,68385,182445,15823,30882,627,40907,19937,3660,25795,62291,8911,176,3207,17848,39383,8942,38735,25526,18219,14514,21627,63212,14704,9583
114,-999,1959681,-999,1323131,2298153,5882112,81896,263500,26809,8520,107349,306125,234490,345260,1052589,144504,800,23994,1308413,999759,933499,449815,356171,288710,323016,3126658,1236564,325230,-999,3968495,2343812,270540,40221,1049773,243414,458316,67891,867509,852277,169211,186552,4474425,760823,37957,0,51,98818,363905,19714,306401,449884,255189,221831,805901,684999,4058,20084,295872,520725,296589,634572,1060782,2410647,201093,667,39876,192020,104982,20729,65863,410966,519676,133732,1622076,2369440,416270,42665,894781,6445769,2754255,236343,869135,4185694,1330362,358174,1810863,4296818,1159547,15351,215118,997137,2083828,2371102,2254291,242483,19982,4363,1095549,5438415,2921114,196303,116348,331717,53938,19883,139349,2756131,795429,4253,237758,1715989,786111,62149,94274,401750,38122,197405,2834404,2657943,229483,5725,21602,172504,32929,32188,619825,931185,10810,274699,1019072,977603,127390,5866,602623,1546074,398028,27178,925932,1159211,15028,2498,91519,364382,250605,173763,1047856,1519059,80029,15055,429381,871191,57064
115,-999,600777,-999,248059,618309,2214486,810575,345294,316858,135461,628703,196452,79555,11780,414821,38110,5640,61338,424809,515066,788645,80232,119298,1200375,538454,3349034,1436681,221958,-999,3089390,2439745,176292,-999,306453,-999,130299,299729,639821,243473,17360,45167,959970,-999,84368,5715,5129,86327,135733,47448,136447,-999,57291,143482,175735,31532,694,3244,8543,38918,5163,45434,36225,265868,60876,1239,29884,73228,16634,4315,8685,17653,33200,6899,65639,455400,812656,34289,718718,3143993,1163310,378607,1238102,4037061,525540,816793,2451138,3785134,951281,46830,199478,1428443,562561,1512780,4190714,2022848,3390,5799,94466,990107,656982,1079714,500214,203071,17052,89534,142646,1474637,142815,187,27407,523268,723256,427684,978831,1100410,114510,171259,1564889,1036454,330150,61844,249643,438800,35156,53566,279664,302292,519,5404,48649,298735,48505,13911,304343,640533,37271,12880,125268,403500,14603,51,1127,183351,13680,12643,20083,119488,14051,3124,12873,76564,8125
116,-999,93,-999,3428,16584,79560,22833,17979,38243,33487,51120,7481,24595,15991,5942,4506,2163,1734,20284,8565,53262,24438,5711,10116,2814,7033,95,1001,-999,7493,1931,0,-999,1578,1213,1462,1283,30633,5691,174,2212,53536,31158,2772,1388,2191,689,0,63,3194,6931,10424,32887,27744,3950,0,0,0,0,94,1786,4887,15503,1978,0,5392,9856,745,26,829,1663,673,560,444,11311,34561,8751,28291,49315,30395,30764,22858,22404,42270,54038,35153,51953,14121,752,12775,8287,471,2174,48731,43813,16846,256,15225,18249,3486,10121,8910,4080,2702,33,0,14439,786,76,2553,11732,11154,33040,45319,2744,5596,16452,115654,76197,25040,15909,16134,8416,39,0,0,69,0,159,2012,12751,5438,1513,3944,6001,531,92,6739,12905,1185,0,197,19134,3408,4853,10603,16785,1148,45,579,7542,8291
117,-999,3347209,-999,480919,1381336,450054,719325,217106,63422,405108,577818,336917,347331,1313575,-999,49534,3355,229357,1665252,397958,644225,855501,313000,42181,91389,1968017,1853323,293751,-999,2077566,2009554,91287,74754,1643536,-999,212615,9329,1509032,1156866,141907,43335,1817126,1902647,522431,7254,125048,320561,150220,88455,372751,-999,53022,53762,626191,483956,4057,19811,443257,1532021,983558,1213396,1734709,874072,75555,301,130094,553811,244268,43822,543950,1133250,464205,229898,773957,948304,99267,13276,515020,3015373,1563827,339748,1622681,2854470,320759,27467,1157433,2943705,940879,25047,556594,-999,306776,233825,1183995,958079,17425,10098,996895,3060903,1727279,343134,981347,608142,24977,42957,791230,2324637,230261,5571,356292,1456092,317400,109729,645687,494732,53020,311202,2672508,1556348,216261,2149,451341,230427,4676,76092,1135968,1654522,56557,184298,1499550,917736,157774,13071,551017,856354,188250,110702,455254,201430,760,0,-999,104167,30955,2154,61268,64018,4763,3226,40222,-999,1138
118,-999,244584,-999,56878,115067,-999,707589,390049,50159,149487,531328,164691,54382,134049,-999,109419,29667,276379,805077,255568,420958,784884,1062867,46594,0,236889,1368063,498321,-999,865306,2317499,387459,45855,786851,-999,386306,214002,1298049,2001706,246373,28584,438893,-999,863045,12168,103187,341388,110503,16637,74951,-999,48419,28190,178915,204594,3135,903,28855,214110,74290,91182,89964,441404,85388,0,13752,78179,14647,3895,19478,99558,60180,19205,173985,409230,34007,13832,382392,2310111,1066557,305955,1573371,4877420,794813,189185,1489911,5296214,1566492,21504,152733,-999,628361,277906,1216994,4686507,474197,325,63667,1125546,671755,426848,573407,645881,10229,68,23924,1535818,233859,22147,462925,1483498,381764,91709,439750,-999,78188,997,401847,626083,159198,15511,388110,672239,45643,64355,351390,781113,45029,718,38763,282548,94451,30278,236183,482961,63743,12492,114236,270744,35483,117,-999,127543,41088,9995,132378,212103,24780,6366,101844,-999,19346
212,-999,7374,176911,125668,28647,858987,1214283,544583,13277,211125,881493,441239,-999,150800,1042832,-999,0,0,676730,556373,405504,746866,1336851,157299,93,693827,2202473,1467991,-999,273967,-999,-999,-999,187903,1188508,519570,0,101803,-999,539002,0,276415,1193830,302019,113,21300,476928,214739,1747,70747,758529,-999,37759,448301,1090091,123032,0,1053,-999,44788,3300,43057,278744,177139,0,35701,595545,458256,6224,298701,824907,57034,103,163513,605084,178353,145,3954,708406,522418,252779,953332,1754107,328571,0,103295,1126709,974636,6415,66372,415010,85040,0,211604,1225742,980782,199,256395,1825967,475297,73910,696472,1537477,255948,0,1122,330807,191428,62417,5530,83021,44816,2188,35038,599297,113260,79,486662,1263498,377744,512,45,161057,22432,77,76578,467665,112508,4425,100844,949769,485392,1039,228,274758,241715,47335,352452,977493,173860,167,270,28063,21566,2693,61522,444609,268945,348,130219,1476577,872676
213,-999,176706,589275,249387,7485,1133389,1917880,629363,2033,201467,869079,342871,13583,152285,1488303,-999,680,32107,1368477,454224,57286,573359,1512164,175776,1170,678774,2300434,1385181,-999,598629,-999,-999,-999,325475,1270878,246663,764,187494,1093845,553979,27,291706,1354547,337002,639,59358,764061,330307,1032,173545,1180260,520364,39235,545411,1410408,77034,0,3274,72885,94950,43180,268371,1135470,364382,0,16830,887466,489223,3747,309641,1218101,197909,180,252633,845831,225288,115,31080,942585,562382,60515,517543,1543148,220622,3688,126497,793186,451880,383,76802,432432,102318,101,222473,1277543,620123,111,181150,1716164,305607,21886,288905,2090503,345766,432,7740,697052,261658,22741,26297,224876,43003,192,16453,619077,185120,1047,425403,814615,189990,25,40595,396914,22807,829,185344,703091,120540,1642,149113,861006,261057,619,29626,554262,213062,12055,369748,1725017,295403,0,31040,334299,133336,2106,167169,528556,157364,30,87134,677989,228716
214,-999,126197,654394,394102,155058,1372011,2266977,1073773,4244,69968,948222,512844,45003,74360,1520844,1424218,20032,395489,1884092,897134,289614,991123,2290376,552459,1537,699440,2383382,1926340,-999,708966,2773907,390143,4842,830410,2319918,966191,39371,197681,1295290,724959,457,359083,1352089,1041943,7758,600623,1710966,998772,3549,229149,1608111,938618,33869,689272,1847910,189110,0,14535,376316,303312,47013,373044,1705031,563382,461,11193,1053496,884597,74052,378135,1794953,523347,151,337678,1255090,534739,133,33796,1306446,955599,164892,542210,2134286,658777,6569,335339,2188313,1815950,3648,108000,777756,237294,1827,289810,1929782,1372097,109,306275,2645185,1074289,150104,641085,2210292,346236,0,6024,465771,316044,78472,58583,502820,180256,823,176042,1197166,594652,4566,921935,2316501,654681,1029,8057,352535,61020,2662,207620,970376,270153,4322,415188,1699047,874074,26595,6630,506018,413858,27021,404808,1754812,638556,379,48667,508500,241977,8142,135887,600664,231062,394,23062,352313,198609
215,-999,300233,574324,187744,58794,812234,1083615,397106,713,42045,564531,365040,71426,240348,951048,-999,1406,131966,652701,375811,137625,521049,769303,91933,804,452745,1081335,702703,-999,98318,684854,145020,0,157619,643768,331774,10846,229361,695805,201056,4715,127754,715934,437528,44,66106,463093,389507,449,139530,552267,338054,30526,441473,731107,115197,0,30547,187285,92563,52073,448811,798452,105157,518,25347,389971,288259,46632,379240,890730,335146,0,66895,502750,264332,31,28231,477643,389980,20878,254365,824395,339986,3216,108329,724441,508209,937,47217,379534,133277,621,117551,761349,499678,123,78366,882300,478092,54674,119988,840143,246949,86,2568,196613,239508,37589,93924,484716,244320,2454,207885,868380,164809,1498,420361,871905,304300,1245,10369,151226,71039,1523,171773,758357,232671,20043,458220,979127,300114,5146,19648,278160,246047,89362,393024,831682,280370,231,39872,355806,250658,3914,180919,592946,232910,116,71202,361614,178407
216,-999,118092,1194554,788751,101918,-999,3805045,1221645,5504,672575,2863933,963887,31370,289395,2296476,1427308,11254,355794,1707077,560448,442244,1542387,1948645,251606,627,547879,3365036,1953932,-999,1048115,2886726,38170,-999,863896,3405282,1206723,76993,675718,2086981,459109,9572,125062,2554785,1179797,7997,542796,2588865,1221735,14926,889872,-999,1083431,11252,944414,1997144,75975,0,4662,246966,102208,21664,320751,2110105,727408,27,24007,2027397,1249684,61953,937740,2973620,995976,643,311089,2004609,712346,163,36854,905521,356781,27534,345714,2157632,1106408,19697,548903,2875103,1772354,40140,899246,2329603,166571,1294,94357,1581769,753120,501,204919,2473449,1163486,150414,1037220,3126483,438902,5391,90384,2044954,702336,4902,57775,602856,175401,8391,57385,1238482,582885,11883,1179669,3189433,807646,5703,412372,1994773,402332,6583,610774,1715353,267555,1521,46337,1158832,781448,93108,146184,1924841,1176307,47560,1323942,2937203,564860,785,58155,919319,691736,36706,370978,1634634,445628,3500,564068,2057673,773657
217,-999,53931,757984,994172,-999,-999,2638081,1758739,53420,508652,2047610,1105375,91107,82988,1596079,1188527,2592,267447,1175962,654767,216338,723362,1778416,558180,407,121623,1931066,1481223,-999,371413,1845174,43839,-999,328956,1885078,742543,33818,264519,1206587,383121,14882,61947,475001,480206,41426,190627,1303448,824120,44713,290448,-999,866706,21793,303526,1076717,208128,0,0,25190,38588,2079,41954,1009581,597615,204,62065,1589458,1091085,130648,681520,2080489,841033,193,110115,1035409,472906,825,11453,560687,358797,112797,410879,1316990,731242,45455,429933,1692061,1327033,63890,367075,1010244,187203,1849,24132,860080,641822,351,159857,1490973,868236,130992,555707,2383820,474959,213,5247,485879,293871,22948,11326,333589,138894,5729,32731,767701,455331,37045,652807,1616551,729945,16380,24890,331830,112300,7173,113261,453129,154148,574,48959,509091,290246,32172,7952,385489,239372,26884,171553,639800,246850,129,13816,196098,169776,17445,109557,376405,116373,577,35233,224289,126885
218,-999,79943,292175,247144,-999,-999,577750,320289,830,8344,329057,218685,17419,-999,465507,213596,14994,243721,486099,118216,24795,202524,414116,90314,0,57655,318816,152128,-999,69259,335188,718,-999,95745,414949,97032,2413,71022,349308,102203,6458,47179,237270,73835,2294,1456,118550,64594,1392,49577,-999,132433,1237,119808,216308,56319,39,21963,-999,113197,30033,60337,342532,105851,0,14159,363093,148434,3075,114616,381137,147331,0,56737,308289,117415,28,26465,210131,80670,4430,37522,312109,125428,5518,84379,349177,270414,2909,53109,238668,11627,2576,15570,281581,124383,18,60920,372567,159489,18387,74084,456488,42523,130,1799,150415,93920,8372,51614,233382,37501,1620,61529,374481,103845,2474,82309,248366,96957,5994,6395,84621,17203,744,9954,74249,15252,324,2198,23631,14587,1307,45,18185,15896,1000,15387,30129,22039,0,352,26066,13954,188,3977,12763,10555,48,2544,6555,3022
219,-999,320390,1308655,713498,-999,-999,-999,499738,10058,178576,801077,591634,137545,411534,1670698,624545,158706,1165945,1481657,572414,223389,937692,1016898,176941,780,549106,1344215,755834,-999,483871,-999,10331,-999,500064,1428570,185035,28668,333763,1260769,340148,9922,372334,938447,358885,2221,-999,377382,196518,9755,129506,-999,395472,44458,795273,638385,167442,2339,84438,-999,324863,35251,-999,1477732,311969,819,112768,1483061,789936,143524,763465,1116702,289975,3392,527776,1490417,604302,1221,80506,610410,301018,38399,255466,1197350,463169,32300,319398,1460449,974272,51055,269713,1000320,37898,13510,256672,1415923,527079,4853,305072,1523662,755643,205900,591136,899267,47160,12258,145914,1307437,624721,51234,168905,814568,157933,11738,228345,1075913,328106,47140,302174,843485,297379,57536,239355,375390,102412,12783,104500,379950,38809,5282,90359,338807,97955,3737,16109,133633,70850,10746,145963,132785,53094,170,12961,115721,59290,4796,81626,117112,70736,3236,79241,136664,57094
220,-999,82172,548079,217506,-999,-999,-999,-999,8891,45265,392711,284262,25003,-999,750990,492604,80793,701625,1351062,131443,99175,926196,982841,150803,2095,212339,967778,463961,-999,116655,1073890,10279,-999,52153,649487,77672,11613,209530,-999,164359,693,221433,-999,104937,167470,-999,107707,20400,1102,26127,-999,103540,24463,332507,235552,40783,931,11697,-999,80413,19377,-999,658829,175400,63,27214,832169,263861,51682,243821,597212,170329,730,281770,514143,182588,72,26649,272388,142189,41486,257588,860578,146355,6689,169790,575366,170765,2295,65249,253939,17642,717,118609,519397,253412,1739,90331,637185,205628,28641,190147,701188,51660,2694,32381,489162,85077,6407,97972,373370,50268,6803,89521,483296,51520,23800,102594,216349,28087,3739,26331,42088,8097,424,42423,116723,12648,3159,29328,195859,69879,3485,3976,99111,30419,3932,71688,145111,46887,323,5226,56423,9838,3471,29981,25618,11324,809,18385,21106,2186
221,-999,168615,41438,8347,-999,287930,-999,30164,14513,50326,66633,20269,10981,65367,161458,-999,142448,248920,166407,34843,53811,256592,148543,17119,1569,408351,14186,43481,-999,65105,196629,22325,959,106520,140787,2544,4111,162170,260792,7364,4391,-999,178047,3177,2462,-999,50243,394,938,144631,-999,544,288,86177,60579,4635,1437,21253,-999,3313,8481,256491,101646,915,2319,66522,45268,6139,57368,311088,73899,118911,51572,348443,134310,45360,613,80161,95822,23761,67441,291824,53268,27102,25938,78698,66790,1478,920,154819,116346,122,31805,221840,179205,23200,4166,255401,231451,26645,89236,507762,375659,47848,107993,431066,154646,67027,41946,307632,265100,467,104684,199770,214635,35242,53770,291312,64018,5147,3056,123628,137681,31529,48433,372618,132417,42263,101085,285407,57826,1316,0,74375,147541,153,22838,245221,70423,27621,45822,163273,55730,9952,37144,223915,14708,46738,79762,339972,44281,4165
222,-999,114310,191846,7069,-999,-999,-999,166043,918,120361,314053,53964,6378,141071,484768,-999,122013,221194,394218,1398,22312,572456,488611,34237,203,677158,457704,111828,-999,135142,872752,18676,1350,640495,687654,3867,18336,814628,984851,29692,668,-999,1322651,90612,0,-999,214605,2850,1424,162458,-999,15066,1023,263817,201087,43239,0,12378,196074,9604,553,420066,577782,2961,642,47472,214036,10203,20117,425235,360362,143234,21655,549670,479757,74715,27,59716,249332,39103,9570,173301,284487,5991,2002,104446,105952,7335,1369,73375,289314,1359,8189,174605,410587,40977,684,80888,286131,30541,29026,272300,469188,23180,34602,250375,410583,61286,12645,319068,489051,1502,36056,190197,449388,49430,19215,242374,377507,19086,7579,288817,377568,8409,17246,546442,636063,55804,45961,723126,494921,41751,197,204179,738224,92804,37642,647036,868615,131555,7792,286122,358252,32496,1345,261678,464998,54846,25170,636294,441654,18416
223,-999,0,3886,0,-999,3522,-999,645,0,879,3185,0,0,0,10524,-999,0,437,6593,0,393,12506,13326,2946,0,13304,18438,7646,-999,1467,10954,0,1139,19610,18783,93,468,14623,24865,1575,0,3636,31447,2823,216,9936,18968,342,846,4861,-999,1344,576,7410,8817,819,0,1010,6204,0,0,1107,14892,571,0,1797,8016,80,0,10788,13344,291,0,16588,16570,744,0,4737,10896,1090,1874,16442,18383,1182,173,6515,12333,5807,180,6892,11745,2049,40,4071,25030,3275,0,974,12080,2792,733,22589,36732,407,0,2432,19467,1856,0,6695,20337,1002,3699,37270,37546,720,0,26659,40154,3342,955,59169,47145,1363,2295,53630,62767,6495,4638,48713,66234,37273,8706,8834,61254,13779,2733,58011,92819,7895,59,28500,68011,64708,29276,39352,48869,3380,3501,48655,75680,11841
224,-999,0,0,0,-999,0,-999,0,0,0,0,0,753,0,0,0,0,0,0,262,1208,420,356,0,0,0,0,0,-999,0,-999,0,0,0,0,252,0,0,204,0,0,0,0,0,0,0,0,0,0,0,-999,519,0,541,0,45,0,0,0,0,0,-999,0,92,0,0,291,0,0,0,0,0,0,0,0,0,0,0,0,0,0,0,0,0,0,0,0,0,0,0,0,0,0,494,0,0,0,0,0,0,0,0,66,65,0,18,0,0,0,0,54,236,0,0,0,0,0,0,0,11,0,0,249,0,0,79,417,50,0,0,0,0,0,0,0,0,0,0,5791,11623,0,0,21622,76078,51070,19185,0,0,0,0,0,0
225,-999,0,0,0,-999,0,-999,0,0,0,0,0,0,0,0,-999,0,0,0,0,0,0,0,0,0,0,-999,0,-999,0,-999,0,0,0,0,0,0,0,-999,0,0,-999,-999,0,0,0,0,0,0,0,0,0,0,0,0,0,0,0,0,0,0,0,0,0,0,0,0,0,0,0,0,0,27,0,0,0,0,0,279,0,0,0,436,0,0,0,1044,258,0,0,0,0,0,0,3048,1654,0,0,2894,254,32,87,90,23,0,32,0,0,0,0,0,0,0,0,-999,-999,0,0,0,0,0,0,0,0,0,0,114,312,2100,0,35185,9692,0,0,16330,5504,42,0,-999,992,0,0,1185,300,0,0,0,0,0,0,0,0
226,0,0,0,0,0,0,0,0,0,0,0,0,0,0,0,0,0,0,0,0,0,0,0,0,0,0,0,0,0,0,0,0,0,0,0,0,0,0,0,0,0,0,0,0,0,0,0,0,0,0,0,0,0,0,0,0,0,0,0,0,0,0,0,0,0,0,0,0,0,0,0,0,0,0,0,0,0,0,0,0,0,0,0,0,0,0,0,0,0,0,0,0,0,0,0,0,0,0,0,0,0,0,0,0,0,0,0,0,0,0,0,0,0,0,0,0,0,0,0,0,0,0,0,0,0,0,0,0,0,0,0,0,0,0,0,0,0,0,0,0,0,0,0,0,0,0,0,0,0,0,0,0
301,-999,7967,6488,127,-999,0,-999,0,320,312,10952,144,0,0,7602,-999,432,1794,19247,0,25106,2227,2342,122,0,6415,675,1305,-999,-999,-999,0,1107,7356,-999,207,86,10016,0,478,0,-999,22733,99,-999,24480,11790,194,225,10132,65763,324,434,338,7402,0,621,466,7763,474,-999,14077,33973,0,0,441,4536,0,68,17767,6734,1323,0,10891,9793,368,0,3033,10468,158,0,14477,3577,476,426,12004,855,207,374,4959,519,0,47,8003,14202,2533,2972,8882,25594,238,825,7175,2770,32,-999,726,2810,501,156,665,905,0,486,3468,-999,50,0,2901,2198,135,639,3540,1757,450,367,4753,691,0,4034,3656,7730,2685,234,1908,14177,1263,93,3839,6318,1511,2928,1536,10357,4341,485,4209,1905,160,2119,15335,4816,0
302,-999,0,-999,0,-999,-999,-999,0,0,0,0,0,-999,-999,-999,-999,0,0,0,-999,0,0,0,0,-999,450,0,0,-999,-999,0,0,0,0,-999,0,0,-999,-999,0,0,-999,0,126,-999,0,0,0,-999,-999,-999,-999,-999,-999,-999,-999,-999,-999,-999,-999,0,-999,0,0,0,0,0,0,0,0,0,0,0,0,0,0,0,0,0,0,0,0,0,0,0,106,0,0,0,0,0,0,0,0,1243,1040,0,0,39,0,74,0,-999,0,0,0,59,0,0,0,-999,0,0,0,-999,-999,0,0,0,0,0,0,0,0,0,0,0,0,0,0,0,309,0,0,0,0,0,0,0,0,0,0,0,0,0,61,0,0,0,0,0,0
303,-999,600,-999,5560,-999,3617,-999,334765,149,9175,728986,276615,16284,402,89207,70353,-999,919,343982,-999,23733,32249,96562,594551,-999,8999,646569,404901,-999,6456,158270,-999,684,6481,59171,64381,360,-999,-999,619177,62854,14505,586655,1000358,-999,774,34627,111708,73832,14250,254929,457479,20586,61135,481531,48020,0,302,24572,203562,1805,999,733139,778163,29565,11245,227465,218799,347,4419,827509,801413,3908,7047,651550,362365,0,1035,49286,29717,482,1453,99275,40922,2385,1348,23768,9806,668,410,5959,17158,1246,15811,345548,184806,27,42658,1464777,1104315,338020,44340,458030,266424,144,3733,261624,121779,15014,59733,96105,70449,0,2684,1082331,1077966,65613,103813,433423,187889,11020,522,66122,1607,634,205,1569,303,900,310,3823,4521,525,216,7755,1231,202,658,2506,12599,629,211,474,1718,0,488,3044,3967,351,4158,75093,14272
304,-999,1311,-999,10071,-999,2068,-999,224943,834,1519,376778,155970,16448,525,32278,46674,-999,162,260068,-999,11970,29916,46187,150547,0,3705,235404,131112,-999,16351,16548,25875,-999,2138,22415,52286,4703,0,-999,382302,14707,4717,79280,132701,-999,0,8936,15156,4007,3440,73256,65295,865,3629,47308,167,0,0,8287,31896,312,0,327909,59609,4087,2975,70703,48109,0,0,190756,215216,150,2297,89857,88943,0,86,28340,19148,213,169,17510,11307,3339,511,20117,16448,582,0,6081,42123,0,59,80615,74341,0,7256,280500,123131,38967,6672,211538,148404,0,119,83266,49238,2230,338,52481,33647,162,378,406651,345674,13212,13341,199538,42860,682,0,50537,2021,211,1225,21364,3019,3150,0,15306,6751,150,968,17425,5672,155,2325,20386,12706,0,70,3936,2445,0,4170,17925,17019,144,3409,67441,14519
305,-999,3659,-999,67005,-999,31498,269478,793548,540,0,731405,134910,27410,766,61681,151758,-999,0,755423,-999,68679,89644,259242,318980,0,9234,892602,475290,-999,29566,187810,169074,-999,0,220357,345470,24369,-999,226089,949212,36942,2261,224481,380875,-999,0,29509,41292,5523,149,-999,373680,32262,82079,230875,3827,0,0,51535,-999,456,515,1279555,184381,104,331,390332,131819,0,0,947084,545836,0,5453,755032,520094,0,93,156350,149183,8104,0,186138,167606,40429,0,137442,127949,0,0,72884,249590,1021,2787,424627,279573,0,4962,653907,525109,167518,99247,610898,343034,0,0,348221,103813,2122,0,390379,99398,0,0,-999,981436,64870,113692,901699,130944,6211,67,178052,4964,125,0,17881,4220,4350,0,46801,15649,330,0,10850,6432,522,50,7929,43198,1369,0,590,1130,0,167,4967,22415,61,2916,174774,35450
306,-999,2311,-999,6282,-999,14637,-999,259452,248,6218,164141,20464,5662,4425,67529,64233,99,19247,663578,-999,-999,35562,196450,330612,0,52704,566262,330039,-999,8901,122753,117231,-999,1622,65814,65202,4405,-999,-999,213103,58854,40105,32151,84259,-999,696,10363,4266,4330,21037,31754,65079,5635,39664,225818,3984,0,3495,3792,63584,3630,4755,734413,98584,1223,1773,106061,28710,0,828,348664,298299,162,11252,195496,160686,0,783,5018,1630,3284,6515,39193,10855,216,13009,1366,1699,778,4691,3179,24295,2357,1595,58875,11517,73,32877,803666,616132,152005,146640,245877,73479,0,2345,41187,18321,16416,3269,372011,89586,826,8959,-999,1133161,91542,137315,973291,89092,3458,749,6787,1750,1027,1117,7893,2257,8726,822,27036,13990,1782,2268,16812,4613,2571,7067,3947,3598,4419,4771,652,1447,1621,2240,2115,440,2178,4006,25794,5099
307,-999,4856,-999,2313,-999,33156,-999,198523,0,15532,178884,24147,2154,7770,133072,-999,801,56483,594677,-999,-999,6367,203811,303681,279,66635,395474,251020,-999,22841,109100,48595,-999,17732,74266,25148,7118,-999,-999,24528,1471,15513,71756,23218,-999,3821,18695,3168,3936,30212,35937,74372,2567,34672,347780,4484,967,4455,3634,14130,867,11483,599141,43668,1078,21545,188322,46825,776,17473,165696,97862,537,20188,133142,112904,31,4407,13671,3229,28006,16917,69875,16820,914,26077,18457,7206,952,7744,29345,127984,2081,10464,143099,25115,1055,38175,592653,358828,7489,17750,257616,73437,15115,7992,65413,15066,37797,14401,178332,67751,1229,21993,-999,442653,11046,21379,589589,19779,1136,4222,21218,2612,1083,2362,9762,2155,10761,876,39971,16990,2163,1595,22488,7964,873,5518,7260,6285,1349,2449,2188,0,501,5348,7640,304,1116,15425,43775,5668
308,-999,1931,7420,812,-999,438,12352,14292,900,521,2142,0,1189,801,8572,-999,4446,10290,7085,1524,-999,23173,5672,10101,-999,24393,16958,27000,-999,18844,2332,108,-999,16358,1149,3282,1004,2753,-999,8927,3940,10000,4551,0,363,0,1407,0,381,4957,8421,252,1836,1659,16396,3911,1521,3206,563,0,896,162,1472,7614,101,9037,6727,246,0,5150,3264,604,807,645,646,207,611,4263,556,32,1533,8734,770,423,3242,2294,1693,702,2014,527,1526,16303,600,7876,976,-999,3666,9667,11700,7861,7962,14260,12580,757,0,8149,2862,512,1219,5688,4705,1322,1445,1054,3222,2071,6198,19126,11106,3970,4639,4785,302,5331,1569,2003,1436,4691,3451,1228,681,2352,583,2662,1739,207,3978,5160,3133,2054,1682,2818,1093,248,1593,6991,2850,304,258,7580,1808,969
309,-999,0,8905,0,-999,0,7372,3879,0,158,1051,0,0,0,11619,-999,9000,22548,286,-999,-999,33706,0,72,-999,31896,0,136,-999,29891,135,-999,-999,48880,0,59,66,2211,-999,0,-999,7012,5752,690,0,-999,179,0,0,2390,12876,0,0,0,3914,0,0,0,291,0,0,0,1662,4824,604,7875,8487,45,0,6649,4477,3256,0,940,560,603,0,9724,1624,0,0,16596,5098,788,4835,1531,3425,1080,2025,1554,1107,826,0,8009,2021,-999,5816,12798,20326,12223,3427,8136,16426,1061,0,8168,1040,1934,591,1583,1656,0,3488,0,8165,7812,6778,24763,688,1653,8910,5352,519,3687,95,1566,0,0,1256,1134,1958,668,0,3441,3333,709,3515,5122,6094,478,450,3145,1942,316,3154,3308,8199,34401,986,12858,1996,49
310,-999,-999,-999,-999,-999,-999,-999,0,-999,-999,-999,-999,-999,-999,-999,-999,-999,-999,-999,-999,-999,-999,-999,-999,-999,0,-999,-999,-999,702,-999,0,-999,-999,-999,0,-999,0,-999,0,-999,-999,-999,-999,378,-999,-999,-999,0,-999,-999,-999,-999,-999,-999,0,-999,0,-999,0,0,-999,-999,0,-999,0,-999,0,-999,-999,-999,0,-999,-999,-999,-999,0,0,-999,0,-999,108,0,0,0,0,-999,0,0,0,-999,0,-999,0,-999,-999,0,0,-999,-999,0,-999,-999,0,-999,-999,-999,-999,0,-999,-999,0,-999,-999,-999,-999,291,-999,0,245,77,0,0,0,0,0,0,0,0,0,-999,0,0,-999,-999,0,0,-999,249,-999,0,0,0,70,783,267,0,0,0,-999,-999,0
311,-999,2984,4903,0,-999,0,13109,307,900,149,1232,0,0,-999,10346,-999,-999,8371,1214,-999,-999,13259,507,306,-999,9083,2093,246,-999,9242,0,95,-999,12849,-999,144,0,7763,0,0,153,2548,1847,809,228,191,2247,0,570,901,5079,846,-999,388,7181,450,0,112,4099,0,367,2949,8997,0,-999,1360,886,294,284,3283,325,248,0,0,1214,177,516,3214,1850,40,981,7903,1094,0,1502,927,1488,212,775,1653,1647,71,183,8991,1325,-999,3472,1927,-999,715,727,493,1053,532,0,2295,1010,449,3126,2446,6790,535,2108,216,6234,0,807,6074,2637,1638,422,1499,5448,1785,92,1213,2845,666,1431,358,6379,2251,1067,349,3586,1072,2096,740,4452,506,1900,1251,286,328,0,3132,2143,201,1086,3247,195,742
312,-999,11101,23173,0,2212,1118,12592,483,-999,2640,2495,0,-999,-999,21315,-999,-999,23348,2588,-999,-999,44260,3703,1654,-999,50260,5013,1845,-999,35975,0,-999,-999,82755,960,2114,828,10341,99,464,266,365,6365,918,234,1377,5045,-999,1638,7080,34634,495,-999,87,13373,719,4212,1325,4571,0,1798,5224,16271,1163,-999,14747,2327,882,0,5609,14968,1079,746,0,5169,392,904,17469,13688,0,1161,6149,2905,177,5979,5528,5360,1656,1791,7265,6000,1746,1185,3157,4102,-999,8894,3579,4992,1433,1125,1999,10429,1445,0,10316,3948,0,900,9720,10259,372,843,644,-999,-999,3021,22588,534,1793,900,7163,1124,1368,124,2192,4025,2796,2753,3392,8178,4830,-999,9451,6094,1950,9024,9388,10537,871,2724,10050,129,1698,995,7213,2023,1432,907,19257,2457,1654
